status,path,size_bytes,sha256
changed,ARTIFACT_MANIFEST.md,7526,51dd0a058ec8368d4e02e6edc038307fb23a59b5f10e7a64530882bcbfa7de88
changed,CHANGELOG.md,11468,258d360c1a94d46360419d879bc125b42094627892c87bbbdf5d844d7b67cb37
changed,README.md,8080,95b257e3132965eab3203b584ef158bbc124092c422de53b25f6aba39129fd03
changed,SHA256SUMS,113529,05f68956fe79da9d3bdf44846ae9a1092ee570da9e98521169c67201dd235954
new,docs/RELEASE_CHECKLIST_v1_1_2.md,816,e2778c7f2b80d934555584c7a4fc7b033bd98967f00a95595d40ed5b4d5cff06
changed,docs/STATUS.md,2353,141eafadbcc1fefbbc7abdc80b10086f87e5a3eb30763e32a712bd0e85450421
new,docs/V1_1_2_RESULTS_RELEASE_VALIDATION.json,2208,f0160325bc7dc67296b8ecb5527a4e24dcfd6927ef42ce2c9ca44cea225ca7d7
new,docs/changes/Geometry_MMALS_G1_v1_1_2_Results_Release_Notes.md,2604,71b6d8a4372149d75c92fcc05423ecca5073f3231057b54c3f0b5da625e67094
new,docs/execution_archives/Geometry_MMALS_G1_SmoothResidual_SPD_v1_1_2_EXECUTION_CLEAN.pdf,244178,0ac551f887fed3555ad5739e0321b55ab64f6e48a472d17b9219942fd317c2ff
new,docs/reports/Geometry_MMALS_G1_v1_1_2_Smooth_Residual_SPD_Reviewer_Results.pdf,953417,5a222db9d32af2183ed9829b7638c7a1e8684247137cf8a5e1b354cb74acebd2
changed,notebooks/Geometry_MMALS_G1_SmoothResidual_SPD_v1_1_2.ipynb,109928,68f2e2be066345647536268028c55906ab6ee1c7cbaeb48499b87424bfecde2d
new,notebooks/Geometry_MMALS_G1_SmoothResidual_SPD_v1_1_2_RESULTS_CORRECTED.ipynb,109928,68f2e2be066345647536268028c55906ab6ee1c7cbaeb48499b87424bfecde2d
new,paper/reviewer_v1_1_2_results/README.md,582,2d9c5d81fa4f3067c2284653d016ab07f8e733db4ecdae19b01e92a8403fa558
new,paper/reviewer_v1_1_2_results/data/MANIFEST_CORRECTION.md,1116,7451bc06a341ab8249a6275b044ea219740f46e9f04a11d1d09a59c9f746ffea
new,paper/reviewer_v1_1_2_results/data/aggregate_method_summary.csv,2160,ae5fed2823537c475d1f290f529ee8eb09b49fd664ccc1279a7b94df46ade6c4
new,paper/reviewer_v1_1_2_results/data/aggregate_seed_effects.csv,6457,515beb4ccd4881e9cabe0edb6fb1abcefbbc82450f20e39ce07841a2313af3d2
new,paper/reviewer_v1_1_2_results/data/allocation_territory.csv,88961,9613fdde3a5e66790a29170a1a7efc2cfd67c2780bd737060ecfbbe70ee20c20
new,paper/reviewer_v1_1_2_results/data/causal_seed_summary.csv,2269,059e117de237d8fc608d0ac0462480b37a860e761ff4c68462b1a59b2f14e6ab
new,paper/reviewer_v1_1_2_results/data/claim_manifest.json,3956,b7d350f0eb9d075b52348db3b41d180da91d300fc6798545db42f69556162d3b
new,paper/reviewer_v1_1_2_results/data/gate_summary.csv,717,4f92bf4a2db34d7e6f167b6b88969ce9778d0e6ae53d332d5def298c05428273
new,paper/reviewer_v1_1_2_results/data/local_continuity_summary.csv,16975,51fab4df4c1f22fa49b5b5720d941032ee56e0e86f2a87b55a7ec293b1bc4873
new,paper/reviewer_v1_1_2_results/data/per_seed_method_summary.csv,2178,29d51513239ab6f62feaba4e5b8d103c83374533d7c7c57970140c314dc90009
new,paper/reviewer_v1_1_2_results/data/route_swap_summary.csv,3987,022decb1ae9b448e77cd05f484874ed96e502585c2be4636ddfb900e3f3dffb9
new,paper/reviewer_v1_1_2_results/data/run_manifest.json,4858,1d267a7c155e71c437ff4c736f5dfe63e076a5c8a70a663a13097c93a225a35f
new,paper/reviewer_v1_1_2_results/data/spd_aggregate_effects.csv,239,bc3e5f2d1d52b12afa49d35c96d245fab217cca04b894597cf72cf527a144254
new,paper/reviewer_v1_1_2_results/data/spd_context_geometry.csv,1799,2090aba8aa530143427406bf9cbe8cb4fa4876ac3c25342868cdc5d864803ae2
new,paper/reviewer_v1_1_2_results/figures/causal_csr.png,67402,1c8ea238604b5508b367f8b67e2fd788a39cfa6ff6ade02a3fa9e22ac3dcfc67
new,paper/reviewer_v1_1_2_results/figures/continuity_q95.png,120221,5b545783c0bc2e57f14853388085de8f3d6f6326fe1de9448f9cf14ff0ebdf6e
new,paper/reviewer_v1_1_2_results/figures/heldout_functional_effects.png,84531,6de49ad094ddf4ec4c333bd8c78f17d04c65ef0666808be548d33e0580ddc27f
new,paper/reviewer_v1_1_2_results/figures/operational_summary.png,93241,4a816c110c4cfdc1f010c14ee8102764919e7c26ecc8597dc2d594ca509ca0a2
new,paper/reviewer_v1_1_2_results/figures/route_swap_order.png,95417,7e6addb227377982379612ae7e2e27b8738144f89dd6e0312aca5d2b88127b95
new,paper/reviewer_v1_1_2_results/figures/simplex_trajectories_seed0.png,190123,04f170f6b416541273029d4484a1e968a791af72b98be0d2cd612d7f7672c473
new,paper/reviewer_v1_1_2_results/figures/spd_geometry_stress.png,114050,5a46efda3cd954a654f1912bd9d48d47459876a33bf25eede86efca0445b1a63
new,paper/reviewer_v1_1_2_results/main.pdf,953417,5a222db9d32af2183ed9829b7638c7a1e8684247137cf8a5e1b354cb74acebd2
new,paper/reviewer_v1_1_2_results/main.tex,33471,347d4fa5f34bd06fecff3110dccf32e0c40ececf747cebd02c6adda71a77cdaf
new,releases/v1.1.2/Geometry_MMALS_G1_v1_1_2_Reviewer_Article_LaTeX.zip,1518501,586f37221e54de8bf7cbeef9c80aad2d47a7e4f8cbcd24d094277d649a5b2327
new,results/v1_1_2/MANIFEST_CORRECTION.md,1116,7451bc06a341ab8249a6275b044ea219740f46e9f04a11d1d09a59c9f746ffea
new,results/v1_1_2/aggregate_method_summary.csv,2160,ae5fed2823537c475d1f290f529ee8eb09b49fd664ccc1279a7b94df46ade6c4
new,results/v1_1_2/aggregate_seed_effects.csv,6457,515beb4ccd4881e9cabe0edb6fb1abcefbbc82450f20e39ce07841a2313af3d2
new,results/v1_1_2/allocation_territory.csv,88961,9613fdde3a5e66790a29170a1a7efc2cfd67c2780bd737060ecfbbe70ee20c20
new,results/v1_1_2/causal_mediation_summary.csv,35545,6b6955e9101347a19a24c3ceb72205ed6d81d0a22fc775b142148b3ab6c6fa26
new,results/v1_1_2/causal_seed_summary.csv,2269,059e117de237d8fc608d0ac0462480b37a860e761ff4c68462b1a59b2f14e6ab
new,results/v1_1_2/claim_manifest.json,3956,b7d350f0eb9d075b52348db3b41d180da91d300fc6798545db42f69556162d3b
new,results/v1_1_2/common_bank_stage_logs.csv,3382,aa1f45aa297694ab118582fb00cd1efd76d98aa5c75560e8859097b59d03188e
new,results/v1_1_2/compute_summary.csv,1491,4efa2abc800b077f35b8c2f4aa46587f437195f6021cadee5e829cc13f46eeb8
new,results/v1_1_2/context_pretraining_stage_logs.csv,5568,73d5835169f0f17809c8426a092ddeb876fa64715dc80d9b29027473308633b0
new,results/v1_1_2/environment.txt,131,99ee208c2b4d0dc2e9c396ce8cc441f9036f2b4549df2490c2fab2b0add33df0
new,results/v1_1_2/forgetting.csv,7697,d57cf662a6dac613928aebd4259029d7b76c618d19cb911f7b11ce4981d05057
new,results/v1_1_2/gate_summary.csv,717,4f92bf4a2db34d7e6f167b6b88969ce9778d0e6ae53d332d5def298c05428273
new,results/v1_1_2/host_ablation.csv,113750,df4e1b391c39aa191c032671c308597887dce44cbb8223d741ad4eeaaeaa9f06
new,results/v1_1_2/host_overlap_and_cost.csv,24868,b76556e3a2a7fc4e53eb8e7890b7dfa2ebba416e29cf2e4c27a61bab9af54b98
new,results/v1_1_2/local_continuity_raw.csv,39539222,1ffb838f6999df59a90c7d19b1b9686cf2be27553ba9cb4e7b4c9dbf24eebf48
new,results/v1_1_2/local_continuity_summary.csv,16975,51fab4df4c1f22fa49b5b5720d941032ee56e0e86f2a87b55a7ec293b1bc4873
new,results/v1_1_2/mediation_probe_controls.csv,12280,6309cc9d863a6f7c8b1088ac7f27d1d308fddd9935cfe20075aa7de02e5115e5
new,results/v1_1_2/paired_route_geometry_effects.csv,27792,5c2926c80d13f4283bd7142037dd5a013c7804cd12d786c817fb28c10bc4c2dd
new,results/v1_1_2/per_seed_method_summary.csv,2178,29d51513239ab6f62feaba4e5b8d103c83374533d7c7c57970140c314dc90009
new,results/v1_1_2/perturbation_sensitivity.csv,935780,12ef6635e690d0d008aa6d4a45b0ef14cbf72186242e5cbe3b248a9b8f1a4e98
new,results/v1_1_2/preservation.csv,1161,5c0fa945860cba0363b188a223318757556a4e910bec53a706af37cbdc46776d
new,results/v1_1_2/route_geometry.csv,25762,5a2ce4f56beb603db2dcbf8e23d2385384b90ce5f245610f130c310ed56b8299
new,results/v1_1_2/route_swap_effects.csv,23292521,b87e7b3c3b74b65a15c5e1aa612d6d6679e0fe0ab577b8463333fdd286af4080
new,results/v1_1_2/route_swap_summary.csv,3987,022decb1ae9b448e77cd05f484874ed96e502585c2be4636ddfb900e3f3dffb9
new,results/v1_1_2/router_initialization.csv,1723,341d8f25b3bb0e757df120a81c1c06ff30626115220654125ae2e62431f002ef
new,results/v1_1_2/routing_stage_logs.csv,44455,4de453b339ff815d935d11300aa46c5238e2380df1b1885d62f12448a4a56a49
new,results/v1_1_2/run_manifest.json,4858,1d267a7c155e71c437ff4c736f5dfe63e076a5c8a70a663a13097c93a225a35f
new,results/v1_1_2/seed_0/allocation_territory.csv,17818,148bd33dcafb08c8f73ebc15c56effddd704e9bb3887ddcc773ea59c6055a51a
new,results/v1_1_2/seed_0/causal_mediation_raw.csv,526355,485ef93d7ba71b8c68cf230d4b74280e48c56724cad852f60ac8f1d61ec159e4
new,results/v1_1_2/seed_0/causal_mediation_summary.csv,7437,a83c137fa2eab73bc283df623b47b8e604ee63f3b0f4fe1b534d5454e4fd39ba
new,results/v1_1_2/seed_0/checkpoint_hashes.json,194,c1f9984e35f8b651953c301dfec16601d8e846faaee4770e7e579f9e97398caa
new,results/v1_1_2/seed_0/common_bank_stage_logs.csv,775,0e300431a93ca32a26cdd1918be782d10df01c7002b02f1444a7cf8d3ecc364b
new,results/v1_1_2/seed_0/common_host_cost_matrix.pt,1817,183647874971e81eaa1d6c2cec9e58d6d4e3e34ca759392a6b6a1100fb7826ea
new,results/v1_1_2/seed_0/context_pretraining_stage_logs.csv,1252,a7e571db8220792d2bb797b294ead52f99f7dcdcc98647601429fe4250318fdd
new,results/v1_1_2/seed_0/forgetting.csv,1543,b847ce334a5279d9c75961935950ab69050ad29bea018e18237cc13f336c1847
new,results/v1_1_2/seed_0/host_ablation.csv,22818,c686af58a8054badfc982e480b869f56a146d6ad5728c3aac11d6df59b1577d7
new,results/v1_1_2/seed_0/host_overlap_and_cost.csv,5022,1502909a6c32b29361159b70b07289d5e7495f224d3494458b1402780991bde8
new,results/v1_1_2/seed_0/local_continuity_raw.csv,7909389,9e8605de0196975277d10106cbe747703e04a2666272e4dd520f831752e47a55
new,results/v1_1_2/seed_0/mediation_probe_controls.csv,2543,3b126c33fae032c4c3e7c98ede03181dc9df069ed7bba250da893de072accc9f
new,results/v1_1_2/seed_0/method_summary.csv,520,bb4b600e455c10073ad31b05738d6290f2cf857307cd6cf6c2d8637ab66b5dc5
new,results/v1_1_2/seed_0/paired_route_geometry_effects.csv,5623,5ee42ee0abb3e3158643a1ec4493db2e096da83ad4f74462d43d087f892696ab
new,results/v1_1_2/seed_0/perturbation_sensitivity.csv,187391,20e8a4b107b42b81f063f314e3feb5790ca530846d48ce95ff916f6f74f05c9e
new,results/v1_1_2/seed_0/preservation.csv,317,cc8addf6337fb3d1f14e2aa481be222dcde6e87e13a16c5e4f7f0a7dc85df55a
new,results/v1_1_2/seed_0/route_geometry.csv,5223,668dc67ed5e7c632973d8a24afd006d24928f82afd98ab422018902149e2b08f
new,results/v1_1_2/seed_0/route_swap_effects.csv,4659082,7e2e5573986ea0d4c4b25f0c3fc011c1df9254601db10c68c42929e0e66711d5
new,results/v1_1_2/seed_0/router_initialization.csv,457,2841d1357a19581120747759665d9503c0f3dcaa1f0e7b2a2b3a73cf11f2dbe4
new,results/v1_1_2/seed_0/routing_stage_logs.csv,9054,5ae8806d4d5d96bf43970134f07b5d8cb75cfc5373d508f16afee7be603d2866
new,results/v1_1_2/seed_0/spd_context_covariances.csv,5629,7a7609584f7ef7bf627bb4fe22d07206275d5f96a2a3e78d382ad82a0d53dbc5
new,results/v1_1_2/seed_0/spd_context_geometry.csv,401,624b51841d98ce36191201640afbd895657f232b24116c464b831547803a7df1
new,results/v1_1_2/seed_0/spd_pairwise_context_distances.csv,14827,2e20cbfd8848a31e680dcb47b8effea9b081ffe2cb72bbd0662a6944653ea71a
new,results/v1_1_2/seed_0/staged_evaluation.csv,20310,87c2ed8360f755ded80338a7ce05a02d11e46a738aa7b18d5db79657afb465a0
new,results/v1_1_2/seed_1/allocation_territory.csv,17832,87f5e656edc04a42e7b9b0f4b39aca1efc94235b8b3d09809b7acc9ddd6c4af1
new,results/v1_1_2/seed_1/causal_mediation_raw.csv,526399,1c886a5f84ce8f87d0c3268de67b0d49c1760922533c4ae9a695dd3cf0861792
new,results/v1_1_2/seed_1/causal_mediation_summary.csv,7210,967e9a5abf9213482dd0788bc70f9602b6789fb086a6671bd1459af72043bc27
new,results/v1_1_2/seed_1/checkpoint_hashes.json,194,d74029f33c6517ed84177b48b2cdabfc4b93fe7909fe5c587cc870b6fbf36f79
new,results/v1_1_2/seed_1/common_bank_stage_logs.csv,781,90be22c598d9d9453f9b3fc30fc15903ab3e722e5128a9a4253d424f5fa48810
new,results/v1_1_2/seed_1/common_host_cost_matrix.pt,1817,02e11f42d84f34d2532045b4303cfc9708a9c61be8a9c860bac63eeff003884f
new,results/v1_1_2/seed_1/context_pretraining_stage_logs.csv,1257,e247860165dd20af98b9f86780ede14d415ed87da1db5120adc937f19c6516a3
new,results/v1_1_2/seed_1/forgetting.csv,1520,6f4186cb51ba581a370aa7730ee0cf9bfd054c0a550e3ada0e6ed1628b045085
new,results/v1_1_2/seed_1/host_ablation.csv,22704,ff7a8fa1f44390745e110ee16a9b8276a7685ac9a730f8e5743d176002b3eead
new,results/v1_1_2/seed_1/host_overlap_and_cost.csv,5030,832d75620adcf4f55274b089c9eb8aa76342f9905ec76f4355630c15cbfe8105
new,results/v1_1_2/seed_1/local_continuity_raw.csv,7911518,eb88512e36c3a8282f1e3e51ef6b7d65ab6fd3a5dbcb6235d66fa7b42cd4474f
new,results/v1_1_2/seed_1/mediation_probe_controls.csv,2541,029ae5d0d6dcd930f9ded25e770b6eed25e3dcba77a25127068935833ea10182
new,results/v1_1_2/seed_1/method_summary.csv,474,e8c4024b3b7b14d2f173d5bc2e6852c9c97ed7bb51a14b801759464b8964f47e
new,results/v1_1_2/seed_1/paired_route_geometry_effects.csv,5642,ade1c4ceaa49f42ab49274293549f8c549f22f41f85def29eb639da71c16037f
new,results/v1_1_2/seed_1/perturbation_sensitivity.csv,187207,448527f1623796952173da9696e6591cc04aa16812312eb4ba7d0b269c275a16
new,results/v1_1_2/seed_1/preservation.csv,317,cc8addf6337fb3d1f14e2aa481be222dcde6e87e13a16c5e4f7f0a7dc85df55a
new,results/v1_1_2/seed_1/route_geometry.csv,5216,9b6c0a7ee155d3ac02ca43e899ab943b7e4adc6846e61ab5708f76e3c52cb8c5
new,results/v1_1_2/seed_1/route_swap_effects.csv,4658964,250ba4a1bfa29707126ec080c8c3e736cbeb06e1e395c50a1f12006f0cd0f502
new,results/v1_1_2/seed_1/router_initialization.csv,460,387047318180e700cee8fef4be58695e9d10ed0d35cddd024225f409521eec16
new,results/v1_1_2/seed_1/routing_stage_logs.csv,9059,eaaf5297e899f833c702c3ef73339f117c9d5133ade42a938710b511143c792b
new,results/v1_1_2/seed_1/spd_context_covariances.csv,5645,d136f8adc446de4756f89ff94159ba472464d88211e6debea1b2618266ec20e7
new,results/v1_1_2/seed_1/spd_context_geometry.csv,382,c6c790b4225d27cc1f4523ce49539da6c294a228d36b9d4b5eb5b555068fdcba
new,results/v1_1_2/seed_1/spd_pairwise_context_distances.csv,14856,32bcbc37b878e10df6ca4bf17a316a4c095d43f1695d43335cc1cc6eb7b66830
new,results/v1_1_2/seed_1/staged_evaluation.csv,20269,77f4d6cc2dabea480fedfd08c1fba0e337c69da1857302ca08822005946c2aab
new,results/v1_1_2/seed_2/allocation_territory.csv,17874,c013d4d9e677e0dad790d175c32b766d67b3ba819da1ee664ea1a545ae02d33d
new,results/v1_1_2/seed_2/causal_mediation_raw.csv,524892,e0230589f111b8a47d75cb5146d693107b1588c696aa377c8fa264892ea0c4fb
new,results/v1_1_2/seed_2/causal_mediation_summary.csv,7311,249f2779d25dbcc868de794c4f0c0871b766b64123ea084bc4ff654e977a7a5a
new,results/v1_1_2/seed_2/checkpoint_hashes.json,194,1c86f738cff55598453dab350acc148568e383bceaf8431af52f8a65e510d4e6
new,results/v1_1_2/seed_2/common_bank_stage_logs.csv,779,553d01975c17ff3eda90f19f03c1d965def41ae8870a651b8f9308a0c385e0e8
new,results/v1_1_2/seed_2/common_host_cost_matrix.pt,1817,04dad7f6823cfde905c5d72db12eb70ece10a358427ef694ca6600d4a7ed2a8f
new,results/v1_1_2/seed_2/context_pretraining_stage_logs.csv,1253,7ba9e47a2ebbba730a31268d93e38c989d86f6cad4c18651f6bc90dec4da06db
new,results/v1_1_2/seed_2/forgetting.csv,1623,12c560fd1a3d6e7199e2015b5b7102e4d3e21b62d4a838185944e9f6b25a902d
new,results/v1_1_2/seed_2/host_ablation.csv,23093,b23d9d81f5c54686c0e00fddc5f667dc1cd1c4d6f42c418fdd1b490b7c1a1723
new,results/v1_1_2/seed_2/host_overlap_and_cost.csv,5026,29eb9bbd5fdaf1a8d31e34c3440fe0b125b9e17c0b12cef4f3e680c33281d8bb
new,results/v1_1_2/seed_2/local_continuity_raw.csv,7900773,72ac2923647bda823b89c91c79c41aa222684199e2455fb1ad748e1945637fa0
new,results/v1_1_2/seed_2/mediation_probe_controls.csv,2534,413e43ff83d662804496a06191626fed656f5f7e6cac0cdd0e355295ab862968
new,results/v1_1_2/seed_2/method_summary.csv,543,375c1fbc63f63496e04398ac695b62a651314c32df94062da641ab4e49e71098
new,results/v1_1_2/seed_2/paired_route_geometry_effects.csv,5661,0132680afe267295d8b26ee7552b53743c617def1dd45ac029df852bcef6a2f3
new,results/v1_1_2/seed_2/perturbation_sensitivity.csv,187253,bf2908f3dc0488eab0965391aec6f5d9ee045d278ff7f21c54c0df81b8a9a110
new,results/v1_1_2/seed_2/preservation.csv,317,cc8addf6337fb3d1f14e2aa481be222dcde6e87e13a16c5e4f7f0a7dc85df55a
new,results/v1_1_2/seed_2/route_geometry.csv,5234,f43c0e0191e57440c3e138481dedca6af86ea46ab155c5d2486206c22ca5052a
new,results/v1_1_2/seed_2/route_swap_effects.csv,4655501,7c833238baff015cdc085efdaaf232da82c2664428413c546ed6c8efc119c244
new,results/v1_1_2/seed_2/router_initialization.csv,457,3b7142d389d701afb8cb5477d6f8f9aa3ae3ab826c43d17345336eaeb1b044da
new,results/v1_1_2/seed_2/routing_stage_logs.csv,9057,11a159e53c51d4b66e54322e5e33ed68b5357a9bae7ac31b166941858040c742
new,results/v1_1_2/seed_2/spd_context_covariances.csv,5704,743470697901d577ce28ac58d67a0d49e1194023c18b24c75f5032751a52619f
new,results/v1_1_2/seed_2/spd_context_geometry.csv,402,22cb925dc0861e0832150469d86c0619be98f3db5b78f0ffcc44109015346fec
new,results/v1_1_2/seed_2/spd_pairwise_context_distances.csv,14862,cc74f1b81743770c0297e16462ed1dc66ddb3d42dd31840967cf8ae008881f58
new,results/v1_1_2/seed_2/staged_evaluation.csv,20311,c65f15583e8fa6170b3de3388f493aab1ffdab54cca9cbad36481f1fb763d377
new,results/v1_1_2/seed_3/allocation_territory.csv,17842,19edd04aba186c4974a2ef193702d6aaf89f3ee8d247609a338d9954a2992fbe
new,results/v1_1_2/seed_3/causal_mediation_raw.csv,523203,854c4f8471d5c7a3fe07d505e36016c7d50f2cc023c309e1baa42d5aa1af59d1
new,results/v1_1_2/seed_3/causal_mediation_summary.csv,7270,3f6ac8e55332423327408bde4c0fdd3f3dbf29f65f28446c7d2c254f4e721742
new,results/v1_1_2/seed_3/checkpoint_hashes.json,194,a539b66445912021976ed46878fde035616f3d066eeb509836f24cf745c88c4b
new,results/v1_1_2/seed_3/common_bank_stage_logs.csv,780,f238b1a1d21de2709f87b8644530e5a19408f0b158daafa7c02f8338fbe7122c
new,results/v1_1_2/seed_3/common_host_cost_matrix.pt,1817,9fa48aaa70282136a03711a233c7d121b91d1b1dc444a984362c4d332c22f7d3
new,results/v1_1_2/seed_3/context_pretraining_stage_logs.csv,1253,b70c5a3815bfa14762dffdd497dfef26256bff923d09535c36cd485baf0256f4
new,results/v1_1_2/seed_3/forgetting.csv,1667,8e27c7b72fcdd35bf6df0a2a3bf1b2be34f82d6638f13f82fc41468f319e39c8
new,results/v1_1_2/seed_3/host_ablation.csv,22554,41ed8bc54562160c64888a959fa9fe011db6edf6a533cc0420c52ba04132515f
new,results/v1_1_2/seed_3/host_overlap_and_cost.csv,5028,7e0cab99d89cf7c7b0a4703f5e21836d3d76f06b646616f2da954b59ca0d8f8e
new,results/v1_1_2/seed_3/local_continuity_raw.csv,7908158,8c1025756b5dd8a19e512f59ab8022a515e9197090a373726671520199c729ba
new,results/v1_1_2/seed_3/mediation_probe_controls.csv,2534,1f67c9043b752e9e94355ccc4aa8c705303d9293640a9fd4aa3538cab4861536
new,results/v1_1_2/seed_3/method_summary.csv,540,86c0b9ebf1da8fb83fc5b020bce73f46fd4b608fa42d3f16f6c1e3bbacfe01cc
new,results/v1_1_2/seed_3/paired_route_geometry_effects.csv,5624,051b26bedf5a1a5819a31768fc9a63630bb460254ec894fbc38cd2e7d9aad6a5
new,results/v1_1_2/seed_3/perturbation_sensitivity.csv,186822,50bb6cb0d4393040b9b1cde5d3b9f9d8eb9d3cc56056a8779f0d8a0a21329b80
new,results/v1_1_2/seed_3/preservation.csv,317,cc8addf6337fb3d1f14e2aa481be222dcde6e87e13a16c5e4f7f0a7dc85df55a
new,results/v1_1_2/seed_3/route_geometry.csv,5236,441da5856555db6514b25a6f0d466741d939b9353ea2256802412ca70153624d
new,results/v1_1_2/seed_3/route_swap_effects.csv,4660853,d25f1409a4bbc9be6ba0700483e4f844427eb412078155ff8aa37fc4b434d620
new,results/v1_1_2/seed_3/router_initialization.csv,460,ed9f27a1598621483aad67a5c66789c6325b0163f030ad66a74197c7941a3d42
new,results/v1_1_2/seed_3/routing_stage_logs.csv,9074,ad35775e8482a37e69742eca3fb29b312b36828f3bafa64715c9d9c656d77012
new,results/v1_1_2/seed_3/spd_context_covariances.csv,5622,c83305abfc4e3e52840faa8d864cec4651a9ee82fb00efa93bc44f7843195730
new,results/v1_1_2/seed_3/spd_context_geometry.csv,384,208c296f8c92d5d25b7f7c61e943e4d87d622ffbbce8e60933c087c259d770b0
new,results/v1_1_2/seed_3/spd_pairwise_context_distances.csv,14867,f1c705ec9b27990fa70cbba844420d6359a5ef58c326178365908decd9b72765
new,results/v1_1_2/seed_3/staged_evaluation.csv,20352,4c7b616a1de55f023888c21931c5ca27f0188a19babfdbc75a8d4e671badde53
new,results/v1_1_2/seed_4/allocation_territory.csv,17855,b8b845b1c551bbbd2a1ab24b27328b4b559295956478ce8b449a10d760e44b23
new,results/v1_1_2/seed_4/causal_mediation_raw.csv,529419,6b07cc32d82acc073b87697d76739cc0e446852f8742a351bb58f4058558046d
new,results/v1_1_2/seed_4/causal_mediation_summary.csv,7441,ca105e19eac5463a27c8f64f79e3dcb8e0514fa80d67df488f1d7c68f73b6b05
new,results/v1_1_2/seed_4/checkpoint_hashes.json,194,cefff768212fb18bc8fc486e42e4f6643d221265d200b9643c52b5cd66e6cc75
new,results/v1_1_2/seed_4/common_bank_stage_logs.csv,779,5d90b4a9ff5c6b193bde7c782aaee47bebcef5de7eff2e6126e224ff44c11f39
new,results/v1_1_2/seed_4/common_host_cost_matrix.pt,1817,2d410614c505d003d758632ec182915034dca6e975f36c66131a9bce1b754c55
new,results/v1_1_2/seed_4/context_pretraining_stage_logs.csv,1273,14183501904c9aba047a03b7585772fe3f91b8f1fb302788f86cf59b3f804f83
new,results/v1_1_2/seed_4/forgetting.csv,1600,466a862df0a8368fcee8b218e3345489328c454c36296d648b02318f14607a66
new,results/v1_1_2/seed_4/host_ablation.csv,23013,cd6590832b85a2eb4b56580e0ffa8ffdc818b21d7c4685b6e33b86376d6ca805
new,results/v1_1_2/seed_4/host_overlap_and_cost.csv,5026,529783c3529529521138a4192d0bc031bb2fba15c078ad3c3565ef76d1b231cc
new,results/v1_1_2/seed_4/local_continuity_raw.csv,7909836,1d98e878403e4f6da4865c9f4d85a12c24dc5261046e00172c58b58e64e02461
new,results/v1_1_2/seed_4/mediation_probe_controls.csv,2540,df2941cdf19b0af617b9e00059cf037bac967a1c1ae3b76d428700308921679a
new,results/v1_1_2/seed_4/method_summary.csv,489,da0ad5d0851fd36c357413c65ad6ee9f8518656ad0ddbf5d68ba8ff0036bdfbb
new,results/v1_1_2/seed_4/paired_route_geometry_effects.csv,5634,8613d914da4371aa80fc788f9690b20f82b20dfe2b41dbf2e7a3540a19849b05
new,results/v1_1_2/seed_4/perturbation_sensitivity.csv,187471,9b2d78648ddee8e061ce0b64ae5cdd1a59aa8856bff981d35e9c2eb849b033be
new,results/v1_1_2/seed_4/preservation.csv,317,cc8addf6337fb3d1f14e2aa481be222dcde6e87e13a16c5e4f7f0a7dc85df55a
new,results/v1_1_2/seed_4/route_geometry.csv,5221,a81c257202511bbeffd4af4cc82ad77123edab475adfa69e4806c2c239567bcf
new,results/v1_1_2/seed_4/route_swap_effects.csv,4658761,16d0ec552ba271a3d3b3ddef6176b8758c19f4da12147fe5060cf24e75471dd4
new,results/v1_1_2/seed_4/router_initialization.csv,457,3982fc2f678a40f41ba786189e857a63baa71b61e17f6ef90ef0be1f17336db2
new,results/v1_1_2/seed_4/routing_stage_logs.csv,9075,a536ccaad176f4e588b1270a8ac3a5b321da52cc86bd194224bcfc5bf6a17b9b
new,results/v1_1_2/seed_4/spd_context_covariances.csv,5672,c4ce410d16f58279b31eddb9d9ed22e7ddf1cdc584cbd6d303622e60dfe1168e
new,results/v1_1_2/seed_4/spd_context_geometry.csv,398,677e7fcc2e33a3273982d736e6ac8cfade532b613f1b4a852039887c0409a873
new,results/v1_1_2/seed_4/spd_pairwise_context_distances.csv,14849,0adfa1e13d92668d4e3aed1329602dd9a0539a0ff0261c2483c629e898df16e7
new,results/v1_1_2/seed_4/staged_evaluation.csv,20332,06cdfe774f91f6008200c89cb44d59d8cc723ab7d73b16e4b3907d39b9829527
new,results/v1_1_2/sensory_history.csv,80,2ca304f78b7ed7544aa0430b279d325ae9df1559ac98b2a1307bfc3819bdb368
new,results/v1_1_2/spd_aggregate_effects.csv,239,bc3e5f2d1d52b12afa49d35c96d245fab217cca04b894597cf72cf527a144254
new,results/v1_1_2/spd_context_covariances.csv,28136,dacb58e6bfd0b8e636c69a308f0fcb730be29d9fb3b2d02f5ea9eb6701c760bf
new,results/v1_1_2/spd_context_geometry.csv,1799,2090aba8aa530143427406bf9cbe8cb4fa4876ac3c25342868cdc5d864803ae2
new,results/v1_1_2/spd_pairwise_context_distances.csv,74009,ad24dc89104e958aed1f7ec5fc9f96403eb4dc55a0d7a784bf6467c1bab6da04
new,results/v1_1_2/staged_evaluation.csv,101358,7e4fe2830358edca79539e55c734ff7a029161401603f2439228a2140a3de54b
changed,src/geometry_mmalls/verification.py,21760,fc99622efcb60ed9fd94b84e979f9055297b3ed5963d027d81f1e33eb3bf7689
changed,tests/test_verification_stack.py,5974,2eb29410bbc4ff7e2f4416bea2c0dae3bf6d320aa37eec7f61c91ee3d2d0f37f
changed,verification/profiles/geometry_g1_v1_1_2.yaml,498,06c3e5c32898a69703741149173c61a79c50bbc2ed1df3655af158085328a28c
new,verification/reports/v1_1_2_corrected/claim_report.json,6046,e1ed674beda72e3ce7dd26fc553c7e229cd15780fd7954c79d315d5641033ddf
new,verification/reports/v1_1_2_corrected/evidence_bundle.json,59722,789a49651029d101ab395ec3482edce0d0d8c08b7fe7d1d4a20b862f4b49c130
new,verification/reports/v1_1_2_corrected/metric_report.json,12022,b55882de513ba52911676689ba11723236bd2a647268d54184009a6c10dc1432
new,verification/reports/v1_1_2_corrected/protocol_report.json,9925,668df2c6d7963eb65ca6842333d23c8a2408b5a025f1e5a595dded2f4784423c
new,verification/reports/v1_1_2_corrected/verification_gate_summary.csv,4476,0c0c4ebe5aed0aafba9141c1bd885c08920047c163dd564626a63ab20409fbc2
new,verification/reports/v1_1_2_corrected/verification_summary.md,4378,f54f1bcbdfb0ae7844c7b0619961393a3b3d839942570cbdd074412e3e03402d
